0.757413430381,1007,1009,2.60958279154,0.41239880444
0.775884762401,1007,1186,1.80862948944,0.578296271784
0.470337962429,1007,814,2.03750074487,0.329541222083
0.363624835313,1009,1007,2.34404587367,0.337111894455
0.443674934137,1009,1122,1.98326944918,0.498540504777
0.636374243779,1009,1124,1.79746771809,0.362051874043
0.859540408809,1009,982,2.67108324453,0.347666241904
0.625986821721,1010,827,1.87477023359,0.710596578401
0.908498099983,1013,1211,1.74199391636,0.402569082261
0.810278331022,1013,792,2.15227082022,0.433821092206
0.17789005548,1016,1150,2.11092930279,0.389177311676
0.612707312968,1016,895,1.93624271525,0.445150794763
0.706811528002,1016,920,2.08813711532,0.377958178812
0.244633356092,101,231,3.39409972586,0.257265252125
0.796157855732,101,307,2.23613310984,0.316915915864
0.775266138584,101,923,2.60452415107,0.260991717106
0.241686002148,1020,1145,0.954193266349,0.421503544062
0.608436765752,1020,1170,1.37217174506,0.413146446464
0.503745106332,1020,806,1.13865679137,0.410307643151
0.0920584868638,1027,842,0.770307899842,0.511876438776
0.00360691450965,1027,887,2.89853271392,0.544872427332
0.801113063196,1028,1145,1.32179589536,0.445422736873
0.977404272439,1028,772,1.61633700908,0.487687874599
0.986282031918,1030,1046,1.58898565849,0.420302345976
0.907221489478,1030,1203,0.99191371359,0.378483462017
0.99156209655,1030,1215,1.34807994893,0.275842531342
0.869354377774,1030,860,1.52045389495,0.332905406954
0.622232913695,1031,1049,2.21891985063,0.355394999345
0.828620222141,1031,1232,2.81500033268,0.692241870163
0.849787608646,1032,1068,1.82228711274,0.467881908598
0.232786493262,1032,796,2.00078646467,0.450821391427
0.678123703597,1032,838,1.66651442795,0.587116727199
0.588828735291,1032,903,2.31085323204,0.170766416299
0.51817088922,1036,1151,2.29261082992,0.612449244357
0.552728804634,1036,987,2.61256634703,0.454675663118
0.935885887427,1036,989,2.65517083729,0.382096897688
0.824050968377,1041,827,2.45739383047,0.191092958239
0.633156468419,1044,1107,1.86892182709,0.515135167203
0.231028084637,1044,778,1.88673069038,0.599703572409
0.558587960998,1045,1218,1.96874252644,0.357180130313
0.699939430424,1045,844,1.14971321765,0.427659798851
0.961953339522,1045,869,2.12326678754,0.34484559596
0.857180616115,1046,1030,1.59735717973,0.381230420811
0.647393000452,1046,1069,1.62383884054,0.508643672471
0.937325827719,1046,1111,1.3541351681,0.357358074008
0.163300718049,1046,869,1.07148278929,0.349622937365
0.543525104651,1049,1031,2.69724177049,0.673664119157
0.96638354366,1056,942,1.39912381197,0.250058013536
0.749887301932,1059,1125,0.799620059529,0.237460193897
0.958058294222,1059,1213,-0.602147559384,0.431148554274
0.840173659945,105,157,2.03319372432,0.584965903721
0.873989067802,105,249,2.41518665495,0.411845617202
0.568196736149,105,34,2.3532249268,0.781158907641
0.650504768337,1061,1062,2.12686787846,0.425852178074
0.193542426952,1061,1185,1.96828221927,0.446106794412
0.569645562824,1061,937,2.53312911461,0.227030869207
0.406510101974,1062,1061,2.12834444509,0.448187771289
0.880136031332,1062,1150,1.30191255972,0.433048563365
0.692539455437,1062,974,1.22874723095,0.423784621518
0.156389465312,1066,1170,0.92258766096,0.427537711677
0.2749441989,1066,1213,1.02960513724,0.545542549877
0.0905423322084,1066,923,2.07219436786,0.523832675076
0.663550849248,1068,1032,1.90991764817,0.432565641987
0.960849960156,1068,834,0.880746915657,0.465692158032
0.821958993855,1068,883,0.9525868912,0.538354999689
0.991141068149,1069,1046,1.57628704885,0.375200480374
0.408866502452,1069,860,1.52561370263,0.442044957448
0.560270328204,1069,970,1.76911621957,0.437487713346
0.79445164611,1072,1137,2.76527727565,0.39360367154
0.219257865807,1072,271,2.0606533857,0.395777297714
0.922781003481,1073,1151,2.65754097407,0.398870494861
0.320109628069,1073,1185,2.07607955613,0.491654189644
0.436441156318,1073,987,2.35065814737,0.397739340682
0.605078074217,1075,1157,-0.168156499868,0.675401436439
0.991190281321,107,131,1.86431054286,0.518589938292
0.7921408049,107,46,2.13247744856,0.649102000661
0.724177753214,1082,1127,-1.83753966283,0.602240030264
0.390275499229,1082,796,1.13617093841,0.613625111442
0.720902445885,1082,838,2.09901224125,0.473196659911
0.801274541826,1082,900,1.92646216351,0.383199732536
0.475064440466,1099,1157,-1.01991848701,0.362463203857
0.614298388163,1101,900,2.61551226975,0.199568690492
0.478115546407,1101,996,3.27726308784,0.735832558719
0.497560019929,1104,1145,2.54879481247,0.334188554902
0.981670403227,1104,12,1.66913514565,0.180349674786
0.457962903263,1104,1209,1.91214680649,0.389906559834
0.362730674003,1104,121,1.79799194644,0.426227765799
0.451703529128,1107,1044,1.88679422568,0.500264884946
0.680891401124,1107,791,1.63079076915,0.532283221972
0.259307577416,1107,852,1.90350879823,0.485873635078
0.281794302091,1111,1046,1.40033023289,0.432709159575
0.875894586663,1111,1215,1.51968857625,0.350144163962
0.981841150856,1111,844,1.39873741617,0.430883660614
0.351482282258,1113,1160,1.56596855572,0.717890701696
0.97992149237,1113,906,1.99438287274,0.263033187618
0.827352089958,1114,993,2.62452909225,0.336957066594
0.934870441578,1115,263,2.24758683244,0.337485721366
0.442411716614,1115,842,2.45012840504,0.571459923107
0.706617117526,1115,989,3.0380523544,0.366447074744
0.893427896167,1122,1009,2.19981208649,0.471271020257
0.996794233978,1122,1186,2.48040478819,0.294806084713
0.409570773516,1122,804,2.79220455512,0.317475854223
0.0760004787069,1124,1009,1.82516152221,0.492135279818
0.997451804042,1124,1135,2.71993471232,0.27930932765
0.605399011435,1124,1191,1.89214833729,0.392688249308
0.98455180949,1125,1059,0.914012067063,0.401574979427
0.470954358233,1125,927,1.11344330794,0.568292389413
0.233839179087,1127,1082,-1.81481117856,0.645127667353
0.522825387407,1127,967,1.37884764005,0.474080637727
0.669164270719,1127,988,1.06940471912,0.386767423622
0.478093040199,1128,833,1.82572560064,0.599259514345
0.850283625402,1128,903,1.80902009051,0.410861046245
0.386074268593,1133,1177,2.57219558443,0.747899328572
0.936636078222,1133,1182,-1.42663865787,0.291805098297
0.993240064657,1133,960,1.48460182198,0.220356894129
0.447070914391,1135,1124,2.71195847113,0.346011250056
0.84216810012,1135,927,1.51854207112,0.354552273227
0.967912122045,1135,955,1.37557428866,0.376330427219
0.480815687232,1135,982,2.23807032251,0.411794340302
0.940818610153,1137,1072,2.67102037388,0.340170928904
0.854987694685,1137,1303,2.68764036541,0.438173670085
0.26349588338,1137,25,2.92245309423,0.532304180689
0.250455928512,1137,871,2.21080135849,0.575982284849
0.941557693197,1141,1164,2.47227406328,0.97161240838
0.900966528208,1141,821,1.96255207458,0.374310496983
0.872866695344,1145,1020,1.09662422804,0.44067735956
0.816263656919,1145,1028,1.47134603506,0.464168504344
0.687975535931,1145,1104,2.4549926273,0.313867088466
0.995233721031,1145,1207,0.90138474845,0.389514708866
0.952383961156,114,322,1.94651498349,0.420310121946
0.994439474243,114,69,1.80275081121,0.364080651338
0.950901543434,1150,1016,2.19809048255,0.403229404715
0.800238163332,1150,1062,1.19962349536,0.35384098185
0.909415334457,1151,1036,2.33221783517,0.397395345768
0.516946789731,1151,1073,2.88542823343,0.702573069303
0.639077697899,1151,1232,2.39334080706,0.455543910725
0.566101866066,1154,873,2.43143627155,0.483079480172
0.83927570154,1154,967,2.26944976389,0.286053606614
0.731901298336,1157,1075,-0.279431609257,0.302303534045
0.927956206809,1157,1099,-1.38134433235,0.589304594442
0.863393604461,1157,901,1.85427833564,0.443812126531
0.40267170529,1158,233,2.11590789113,0.351515511477
0.88652304052,1158,371,1.69830212942,0.262801815558
0.409855398206,115,149,1.83866379626,0.424480214951
0.514501436598,115,448,1.2560293398,0.602276704008
0.974454860074,1160,1113,1.44701468174,0.257228694817
0.967236176501,1162,1211,2.22354524812,0.533945563036
0.300497513667,1162,792,2.14823274547,0.59218629588
0.937806404087,1162,994,2.17817986768,0.407685314
0.997769502645,1164,1141,1.99775318327,0.565711550223
0.314526464298,1170,1020,1.38115161024,0.454518156799
0.204105590131,1170,1066,0.983071046728,0.440067154396
0.139832727635,1170,915,1.98619497925,0.437254779095
0.857612140933,1170,959,1.05594626999,0.391137942372
0.355843133454,1177,1133,2.47602000696,0.730015391567
0.513117746009,117,219,2.18553292738,0.399667237381
0.798945573174,117,333,1.77231842005,0.714157854545
0.871283269282,1182,1133,-1.18199099943,0.557394556335
0.978091469651,1182,822,1.67230141507,0.298727731969
0.912804868206,1185,1061,2.0060739598,0.411256386727
0.133924989234,1185,1073,2.03894442484,0.49268296143
0.319130470424,1185,777,2.13854582496,0.484800706175
0.953055382862,1186,1007,1.75614421519,0.29984200949
0.983533253557,1186,1122,2.76451938929,0.58938330734
0.991552822223,1186,792,2.25305152387,0.447150824335
0.133872542897,1189,887,1.54564683678,0.544804372596
0.241473702356,1189,987,2.33947947688,0.470049670123
0.142722101553,1191,1124,1.89483476049,0.466702932875
0.418604538163,1191,1218,1.59587188213,0.404011054468
0.573170396578,1191,867,1.8641398374,0.339211263184
0.187214963994,1191,973,1.92788844561,0.312094168524
0.991796760176,119,367,2.52447616391,0.443696664287
0.997129670468,1203,818,1.62306338729,0.415274584269
0.894728288116,1207,1145,1.15006674768,0.503174357146
0.401041376138,1207,799,0.837879552062,0.50519545241
0.384020043136,1207,806,1.08453549838,0.515605868753
0.954249435272,1207,818,1.82750280954,0.623048618917
0.83723229674,1209,1104,1.88684918347,0.398692306804
0.542731754459,1209,1222,2.30946626593,0.398382340381
0.397162837805,1209,324,1.54989953499,0.361190642167
0.971315363907,120,39,1.75338480404,0.378776812191
0.861715670196,120,62,2.02436322834,0.633489114802
0.341940965985,120,89,1.56558332808,0.45230324973
0.770872553973,1211,1013,2.01201025386,0.484577571002
0.892614453878,1211,1162,1.94296341848,0.298934078444
0.561323503029,1213,1059,-0.753822345472,0.409924058668
0.163788710407,1213,1066,1.0528880108,0.608485077797
0.546083333272,1213,888,1.97537550017,0.479929685134
0.598514729923,1213,959,1.2111094179,0.523119399796
0.48422097523,1215,1030,1.53868083713,0.335343149314
0.532649557558,1215,1111,1.63281568666,0.60219322691
0.815412576036,1215,799,1.36910255613,0.355772076103
0.782585614088,1218,1045,2.00295045088,0.453368941149
0.51122456259,1218,1191,1.57959123896,0.352815969948
0.740981247275,1218,986,1.90952329408,0.273279126459
0.177425679334,121,1104,2.02076059926,0.496639560947
0.529652317655,121,307,1.9135879832,0.513533444004
0.958987819317,121,915,1.86897226556,0.46087863788
0.975408983715,1222,1209,2.33536624283,0.459024928626
0.222292599337,1222,233,1.71230312184,0.358256991862
0.49423762597,1222,886,2.31866180953,0.346502261613
0.959214198746,1229,895,1.6891094864,0.432017062302
0.134446554454,1229,987,2.74811583784,0.390975394055
0.297724481634,1232,1031,2.21775387097,0.525524739477
0.968715159896,1232,1151,2.8320144976,0.5871707885
0.636222892488,1232,901,2.37037732468,0.474838451362
0.157482949885,1233,819,1.7368314829,0.496630177094
0.0608818669067,1233,820,1.56756148133,0.492852569938
0.885150023989,1233,886,1.6046401457,0.515328264018
0.855760212099,1234,1367,2.33006714253,0.46974582693
0.898484384762,1234,1373,2.10697461774,0.323077850565
0.972886375523,1235,1325,2.64835752735,0.352968997204
0.249341374721,1236,1287,2.1821131704,0.749473633682
0.580171340656,1237,1246,2.53949886557,0.31450371671
0.81508982464,1237,1386,1.87522921303,0.345025192654
0.570515088678,1239,1343,2.07173316804,0.506401971199
0.678054634201,1239,1385,2.37724235937,0.154742520477
0.591721708394,123,257,2.13614914124,0.54399826182
0.29646405328,1240,1310,2.07841256906,0.398832696043
0.922164546974,1240,1344,1.56849955078,0.291505524149
0.71632281801,1240,1377,2.14501786333,0.330823206527
0.9558312892,1244,1274,1.75795029998,0.272667305406
0.720896786066,1244,1322,1.52833146043,0.387969144488
0.91858921582,1244,1340,2.21709325549,0.593307488463
0.953361825226,1245,1280,1.76551672249,0.444614961489
0.370770780034,1245,1291,2.74205127727,0.343142079974
0.363533521859,1245,1348,2.69797601998,0.315941683575
0.496511688215,1245,1365,1.71091879017,0.349317120971
0.995898501213,1246,1237,2.71189412939,0.385173052429
0.872213769341,1246,1372,2.02909044502,0.287828182738
0.286966611421,1247,1261,2.04396506561,0.515933871915
0.770524733718,1247,1332,2.81831023086,0.361015677851
0.43447465616,1247,1401,2.79304108193,0.372465561178
0.754805402427,1249,1269,1.72826636807,0.368001331848
0.929581782759,1249,1314,2.41453931775,0.187082607551
0.52507761883,1249,1386,2.68591739785,0.243781423103
0.104864629987,1250,1261,2.11066409687,0.545401805736
0.301377581856,1250,1286,1.46815722697,0.532234536574
0.731373141915,1251,1346,1.34403021164,0.199274915522
0.998746050908,1253,1287,1.15034137199,0.217015726272
0.585388113971,1254,1357,1.79086202922,0.261701826775
0.554580269268,1254,1383,2.12186752934,0.490728870811
0.634937655757,1254,1387,1.43766633659,0.329223717058
0.400965011164,1257,1300,2.63458287583,0.378746378677
0.486866348992,1257,1314,1.82070803201,0.440053632498
0.956725826869,1257,1334,1.79647614809,0.253814074581
0.442102774251,1257,1355,1.57127589956,0.457611873536
0.958582887834,1260,1293,2.67809201882,0.23344490921
0.826794865825,1260,1400,2.80131293162,0.34951758384
0.695927341963,1261,1247,2.20578636598,0.420698595134
0.442184538143,1261,1250,1.86656171629,0.405897928209
0.894662007834,1261,1278,2.75662664226,0.353709007216
0.991792322101,1261,1371,2.03663247797,0.341812928051
0.835709018869,1262,1293,2.48814508769,0.264088878543
0.70768928064,1262,1358,1.34438123938,0.26731975954
0.942661441684,1263,1255,2.70687139161,0.440064441248
0.266400092112,1263,1398,1.72135229462,0.657899612375
0.564583593111,1264,1330,2.21768978817,0.278772871704
0.857767223257,1264,1344,1.93508464486,0.330140383653
0.732806114777,1264,1382,2.24210553356,0.391336764653
0.629464864814,1264,1402,1.67072536073,0.53768757364
0.442366307162,1265,1394,2.35421189756,0.276199720473
0.82078470176,1265,1398,2.90757528452,0.216626792515
0.839091651736,1266,1270,1.96374107312,0.181524065026
0.608723141798,1268,1336,1.00757527997,0.356355460622
0.481052512147,1268,1344,1.60360608524,0.414151247102
0.637201109817,1269,1249,1.627576487,0.323891592169
0.975218647337,1269,1251,1.72416361465,0.399237612556
0.98476779243,1269,1265,2.51329427165,0.325956949542
0.676938515065,1269,1335,2.47454782519,0.325192743382
0.984454770982,1270,1266,2.07922138514,0.19838852174
0.483063621078,1270,1351,1.6526363763,0.249734719384
0.639053130218,1272,1375,1.32094579367,0.422957306104
0.231081868119,1273,1314,1.45578703262,0.443558738753
0.69298484701,1274,1275,2.63952304045,0.2055681694
0.833175345462,1274,1293,2.60490351636,0.295575527842
0.34096878102,1274,1368,2.04287483009,0.19204698796
0.86339625556,1275,1260,2.43175880789,0.321494998486
0.266189083199,1275,1274,2.61512208649,0.129486806353
0.999845157035,1275,1321,2.66222963429,0.209111318487
0.983082482637,1276,1323,2.86803974892,0.2855275899
0.144992711352,1277,1323,2.27330571006,0.378331408154
0.884232462749,1278,1261,2.89270509848,0.455812888651
0.488973345343,1278,1332,2.19659460565,0.531164816125
0.452371715271,1279,1294,1.97432116098,0.433463455231
0.706381370939,1279,1334,1.92594900741,0.328234567707
0.388279529829,1279,1367,2.4829829606,0.424910652008
0.556928086607,1279,1381,2.31222308766,0.430315824921
0.958206949438,1280,1245,1.59555134682,0.16128801764
0.967341151083,1280,1297,1.87740923223,0.475013780789
0.230093079212,1282,1333,2.71066691843,0.421578900241
0.559049770735,1282,1362,1.72066851931,0.315936110473
0.371569938707,1282,1389,1.65957730925,0.473858963627
0.593881797148,1282,1395,2.30869466182,0.613241376227
0.458973564215,1284,1303,2.16992472856,0.531524045862
0.784871071408,1284,1382,1.83930657581,0.415307658391
0.867890488276,1284,1402,2.24913219295,0.363558093666
0.846862822493,1284,871,2.71079981489,0.399748213804
0.446193483727,1285,1252,2.24461987972,0.341881398784
0.563857759487,1285,1348,1.72876176957,0.304031478722
0.575754297033,1286,1250,1.56022588791,0.481966255373
0.847389256973,1286,1292,2.84628421253,0.315797231686
0.996095564715,1286,1367,2.62974657031,0.384247343868
0.983735934991,1287,1357,2.19821529955,0.223726137902
0.847200635222,1288,1235,3.1669870312,0.679370188943
0.427772102893,128,172,2.40414843043,0.272977622129
0.99737891328,128,268,2.57012806758,0.395705716509
0.674683727985,128,463,2.46884797058,0.37848537269
0.554515254047,1290,1349,2.4393749014,0.239046157504
0.98075513743,1290,1369,2.01158668557,0.296760162061
0.756633873916,1291,1245,2.54730155901,0.274445530174
0.538762980043,1291,1360,1.63619646367,0.310081474908
0.918868568321,1292,1286,2.77287312074,0.332681420147
0.9088576963,1292,1325,2.33998258966,0.348398787587
0.982935311606,1292,1373,2.59076358886,0.300972900451
0.90644753987,1293,1260,2.82068148309,0.21919662543
0.943215630758,1293,1262,2.56186909809,0.233539767313
0.930917242111,1294,1265,2.57690310477,0.387218161262
0.971346700198,1294,1279,2.12024933582,0.432806223649
0.498138673946,1294,1335,2.33237443359,0.447483943021
0.604865226634,1294,1354,2.27098907309,0.427886145751
0.636841852964,1295,1333,2.31552671568,0.368765800845
0.917682202714,1295,1386,1.84490263063,0.44822002469
0.678110555457,1295,1395,2.46017022433,0.46408207532
0.979178754391,1297,1280,1.76237980064,0.274830342992
0.448348972046,1297,1351,1.68155711807,0.34097164776
0.805994690702,1297,1353,2.55406522042,0.147835758626
0.952391962708,1298,1332,2.82401389282,0.582490846708
0.717754337733,12,1104,1.75423369935,0.250861692882
0.438621800406,12,307,1.81118741003,0.422755127212
0.6632948393,12,324,1.82906433736,0.344209681307
0.176584992273,1300,1257,2.58776429778,0.351227461096
0.311738624733,1300,1328,2.68912104634,0.328465313048
0.899774005859,1300,1376,1.6978263308,0.564208196906
0.978121448875,1300,1378,1.32209321418,0.388920416318
0.479434002624,1302,1364,1.04990777289,0.521047075847
0.7964095954,1303,1137,2.59151377382,0.373464829993
0.668432285117,1303,1284,2.11754114958,0.41289803958
0.265685090225,1303,451,2.29983701053,0.349166683004
0.702097545889,1303,463,2.83994211126,0.408596369571
0.316279078737,1307,6,2.01404806373,0.212810863585
0.198260264744,1309,1333,1.84061475415,0.37129954083
0.925413209701,1309,1341,2.12315200623,0.462538084008
0.885793042329,1309,1386,2.21672363912,0.314957913225
0.880017856878,1310,1240,1.95522752084,0.369613962587
0.91818965115,1310,1362,1.56104296177,0.413716705718
0.378819345562,1310,1389,1.79235555564,0.426136394694
0.54026705558,1313,1361,2.07275158891,0.309299916746
0.376098389055,1314,1249,2.77079440411,0.685541472239
0.173992862265,1314,1257,1.75267149993,0.332845622954
0.230829227855,1314,1273,1.30181036528,0.488148464114
0.240912698231,1314,1335,2.17341850472,0.540155006196
0.511336796828,131,107,1.72020184469,0.356914468001
0.438094924258,131,465,2.7921170683,0.51984640986
0.878980027673,1321,1275,2.63969517281,0.291769658697
0.873249520406,1321,1323,2.67729198949,0.328430479143
0.955930238866,1321,1390,2.11453915298,0.33116269557
0.892311406662,1322,1244,1.68477619173,0.373794985959
0.512478322642,1323,1276,2.92375633922,0.165524455591
0.933207363055,1323,1277,1.69606971941,0.242613886326
0.71877660543,1323,1342,3.09125841884,0.223144081517
0.924962500264,1325,1235,2.93277627314,0.339074742525
0.879527951522,1325,1292,2.01620453787,0.36738987006
0.96047352235,1325,1371,2.47415848329,0.307027535875
0.987477197129,1326,1329,1.39457959775,0.339369705243
0.889587364839,1326,1330,2.58061016332,0.448446237917
0.607734647187,1326,1343,1.88369110856,0.46589707967
0.758477962236,1326,1396,2.20343674364,0.441936514203
0.902056879203,1328,1300,2.91933961166,0.333729291165
0.220839293558,1328,1377,1.73934721608,0.475176957706
0.470545671014,1328,1384,2.4197958412,0.487189195422
0.712078710792,1329,1326,1.39871845664,0.332297471366
0.878999392158,1330,1264,2.59868610278,0.476998947971
0.934556198888,1330,1326,2.43271063423,0.290610418704
0.915871559779,1330,1345,1.58651416523,0.534103811207
0.644014430864,1330,1389,2.05560564598,0.527254161238
0.923135072516,1332,1247,2.66177412792,0.213574890669
0.603048384379,1332,1278,2.03628572321,0.325165153191
0.870724675071,1332,1298,2.96591085782,0.423371350641
0.44360642838,1332,1361,2.39042426852,0.423511244189
0.904662372455,1333,1282,2.60470471817,0.489640411521
0.543981351687,1333,1295,2.29076688496,0.413596292366
0.611854758829,1333,1309,2.02362986433,0.403825339094
0.740839270565,1333,1396,1.70245889182,0.503430215552
0.899258490633,1334,1257,2.15612535601,0.482470549254
0.37901642442,1334,1279,1.83223392467,0.34955878446
0.798674684944,1334,1335,1.8806121721,0.354782247116
0.963179036585,1334,1381,2.31263429408,0.369498729967
0.763002062685,1335,1269,2.59426139944,0.396739009941
0.70306733692,1335,1294,2.25628738575,0.383689868305
0.757621057546,1335,1314,1.93060916348,0.387648204862
0.936694484078,1335,1334,1.93840632433,0.368733717415
0.253200886495,1336,1268,1.08403660843,0.3750700491
0.595423274033,1336,1384,1.64756443222,0.469340694324
0.550376088006,1337,1374,1.51238221465,0.504906643456
0.603084969481,1340,1244,2.02780395029,0.391729717127
0.998173559998,1340,1276,3.04414169079,0.385465251675
0.975982968352,1340,1364,2.39940806772,0.477507228312
0.8270407823,1341,1309,1.87038707802,0.324697868161
0.911140858517,1341,1369,2.66474492539,0.344303575592
0.985015403025,1342,1285,2.39168846385,0.11012387595
0.570313048543,1342,1323,3.00107560652,0.318801274111
0.961134466055,1343,1239,2.0801985686,0.356718385723
0.618311029091,1343,1326,1.99984483885,0.443981424815
0.526555976126,1344,1240,1.72848564774,0.357057801708
0.956516018807,1344,1264,2.0495551151,0.416609562606
0.493687253939,1344,1268,1.40041463837,0.259889864845
0.228894474764,1345,1330,1.51063766413,0.444977843102
0.827077773007,1345,99,2.20663460471,0.375008007493
0.263763739239,1346,1251,1.72543845874,0.63790026376
0.615953845152,1347,1354,1.886369513,0.683173986307
0.808427388865,1347,1367,2.51048305723,0.434751956593
0.901641460948,1347,1394,2.35412139881,0.432430851277
0.9386857634,1348,1245,2.49197449614,0.270510937897
0.367343614544,1348,1285,2.00686284698,0.437323530995
0.674911059589,1349,1290,2.39227387967,0.270880156353
0.949532415152,1349,1400,2.02339445027,0.270044648814
0.966572761596,1351,1270,1.68925157784,0.272378026197
0.515830011283,1351,1297,1.78945765454,0.295403842096
0.936689760623,1352,1312,1.86864620989,0.635659684252
0.42709134772,1353,1286,2.88702516245,0.181424542273
0.999073667504,1353,1297,2.77416302222,0.27490224171
0.93789490095,1353,1394,2.58809106156,0.299904561682
0.442651230653,1354,1294,2.30340320782,0.509327768327
0.181756088965,1354,1347,1.62941978768,0.517828878247
0.553322031185,1355,1257,1.57982195421,0.510386433752
0.736546831273,1355,1273,1.81055999483,0.368063460155
0.463332655527,1357,1254,1.92804070279,0.51258655156
0.805598886583,1357,1287,2.33410433671,0.259000318434
0.590259275574,1357,1368,2.24691358504,0.251594542628
0.43300434362,1357,1374,1.91143998226,0.332395492782
0.614060010983,1358,1262,1.40221866,0.339110726456
0.937206550177,1358,243,2.90871022026,0.310634767473
0.855509924342,1360,1291,1.3703048456,0.261615698297
0.932801391606,1360,1394,1.20448053682,0.366423868345
0.99487298353,1361,1266,2.05458619776,0.340371535884
0.651819772978,1361,1332,2.42743009781,0.433477227396
0.733931666218,1362,1282,1.79289116474,0.3722745346
0.85690901631,1362,1310,1.51532010532,0.386289606884
0.997318155073,1364,1340,2.29831557273,0.308321940148
0.336450906422,1364,1383,2.80981130739,0.849070932555
0.407823120305,1365,1245,1.65031114922,0.338113562833
0.434646764142,1367,1234,2.01839086546,0.427671445239
0.925288130678,1367,1279,2.53090120291,0.370824066842
0.537742227697,1367,1286,2.52064454685,0.316532602036
0.85619926965,1367,1347,2.54066077904,0.377033523504
0.931718758161,1368,1272,0.811809369071,0.316082161027
0.805912476681,1368,1357,2.31244940737,0.264776825658
0.564666804859,1369,1290,1.99542467552,0.286154314564
0.927728010651,1369,1341,2.55237567186,0.292055231491
0.986380112786,1371,1250,2.12967997362,0.349942620955
0.641422103083,1371,1261,2.03678087966,0.254967317266
0.964063491731,1371,1325,2.47666937431,0.288789209749
0.724434010791,1372,1390,2.37086559764,0.392037705059
0.706752094911,1373,1234,2.25502632927,0.449500745118
0.454348881952,1373,1292,2.86454037726,0.479900244377
0.969192119548,1373,1378,3.02000003709,0.228663615773
0.929753019416,1374,1337,1.13375410229,0.395683824625
0.523000819967,1374,1357,2.33212324613,0.672498214574
0.595059646,1375,1302,1.52529176437,0.568245434863
0.910619137797,1375,1322,1.63649408745,0.37733531468
0.736976948193,1375,1387,2.01819452971,0.30787500546
0.926897589117,1376,1300,1.31990851074,0.270497477543
0.970244212083,1376,1378,1.93580381469,0.293918199873
0.567959893564,1377,1240,1.96209626895,0.279682429458
0.587687864913,1377,1328,1.82788897086,0.391704246732
0.680199028187,1377,1395,2.3237226977,0.343109130615
0.839588974519,1378,1300,1.33012313758,0.492125477604
0.915048420787,1378,1373,3.25547579455,0.335293270012
0.662759129529,1378,1376,1.80756449447,0.403518400134
0.320144426727,1378,1381,2.14418546287,0.391609604946
0.998746050908,1379,1253,0.909026387578,0.217015726272
0.969289930626,1379,1337,2.0765380384,0.279735730201
0.488078172,1381,1279,2.31742076209,0.395271545807
0.919365359663,1381,1334,2.42616167027,0.443563067299
0.865390164727,1381,1378,2.32681404051,0.421837242049
0.936455195767,1382,1264,2.22201676119,0.346165235654
0.831229098651,1382,1284,1.84335037977,0.477371598648
0.907602673441,1382,1384,2.09777454712,0.36742711132
0.850645477655,1382,871,2.7631938935,0.454935193525
0.211358516156,1383,1254,1.9522980571,0.32100205179
0.647261814131,1384,1328,2.38618498135,0.407136525926
0.72253645459,1384,1336,1.61379183489,0.323802211594
0.995921575794,1384,1382,2.31600244386,0.435215188342
0.643613730654,1385,1239,2.47908543782,0.342116972739
0.299029731791,1386,1237,1.80935203513,0.324085549686
0.64053251112,1386,1249,2.70584658961,0.270178825322
0.992887863932,1386,1295,1.75520665289,0.342393570631
0.382738541762,1386,1309,2.47045285445,0.409768058921
0.981987690147,1387,1254,1.28424973322,0.293677463997
0.83690423995,1387,1375,2.32309176778,0.42355346818
0.867377819317,1388,1268,0.652433681286,0.649849182706
0.634999879169,1389,1282,1.70042575241,0.440206847529
0.884590290762,1389,1310,1.74523819361,0.395487146879
0.569522433558,1389,1330,2.06820282279,0.36360322701
0.800318200847,1389,1396,2.58313857324,0.353660509686
0.995715309194,1390,1321,2.1068899964,0.359479389655
0.992492576244,1390,1372,2.08815117861,0.315202278676
0.859036768136,1394,1265,2.27178794698,0.469187155664
0.67289083405,1394,1347,2.19920278149,0.344018333418
0.64556962776,1394,1353,2.59963834647,0.301747433095
0.5213412321,1394,1360,1.03298067258,0.31742596043
0.49600709189,1395,1282,2.26390588134,0.362001674123
0.69834310073,1395,1295,2.53179008268,0.443514427943
0.71258000265,1395,1377,2.21287253904,0.333616328791
0.975019708434,1396,1326,2.28861072294,0.382661827028
0.415273980507,1396,1333,1.76617690688,0.454412991835
0.994924742549,1396,1389,2.57831389308,0.388057279267
0.849129817591,1398,1263,1.57399787243,0.339275130598
0.578586078924,1398,1342,2.75259311409,0.313385442878
0.744719259419,1400,1260,2.93460031692,0.331357351398
0.998857035316,1400,1321,2.57746073211,0.276847555919
0.952778511801,1400,1349,1.88825369223,0.311966995742
0.393281637214,1402,1264,1.30080226847,0.325151705426
0.97765290564,1402,1284,2.22183137722,0.345625655503
0.920868591686,1402,451,2.09421744589,0.443122379761
0.432496376039,140,263,2.5820846379,0.83006998765
0.659777742321,140,431,1.97307712567,0.577968093621
0.999896202751,143,225,2.06500670316,0.323925662654
0.947044402298,148,222,2.28770298849,0.42928113335
0.928432747578,148,226,2.23397642514,0.461839712392
0.945806401355,148,251,1.84169059526,0.389597140301
0.938733275713,149,115,1.65937987932,0.287335493557
0.93292575781,149,329,1.40688919856,0.369299888295
0.514443612393,149,359,1.53029132072,0.429092934422
0.339553924514,149,388,1.86665787244,0.482438368102
0.940747105051,14,131,1.43467708935,0.521122255233
0.896450849001,157,105,1.90239358217,0.417762649987
0.130508404022,157,66,2.60269966717,0.304964897053
0.546759252228,158,398,2.69112745539,0.224269013785
0.501882018041,158,49,2.1476180432,0.261713273986
0.807424544965,158,75,2.77738418501,0.25580314341
0.882997181652,160,348,2.34673008625,0.244295068776
0.974648527633,162,205,0.941637785348,0.211475120822
0.490826283364,163,63,2.81843591315,0.344498874139
0.668402803993,171,311,1.35423673475,0.428941258036
0.800178045197,171,34,1.92331640088,0.438577265746
0.675445840874,171,79,1.82199847647,0.57684494076
0.940239846429,172,128,2.53216213129,0.418290266693
0.892228826143,172,235,2.50755041904,0.376323883028
0.147304360761,172,350,2.73735038738,0.326367460972
0.881061551622,172,99,2.85584485255,0.37171044107
0.992118276328,177,238,2.16305181703,0.217704910344
0.635244038627,177,66,1.63689382527,0.41638387632
0.688196586703,179,263,1.46802074687,0.349488756766
0.917798256068,182,413,2.97211416802,0.678514026214
0.671831984733,186,258,2.35721036089,0.377920419874
0.245339821446,189,227,1.19760249039,0.565984894793
0.760229294,189,40,2.01443498307,0.308686781852
0.952911385761,18,119,2.29843607456,0.2178068237
0.843909774415,190,1,1.10135885699,0.574626660358
0.0589741709507,190,200,0.283634254079,0.636478771022
0.66183079286,190,219,2.68403266988,0.511829014492
0.998468814143,192,197,1.88347382945,0.334094388739
0.30822104862,195,160,3.02413619416,0.205172270599
0.822070055078,196,220,2.17225149906,0.314969472531
0.933606818539,196,328,1.22486112149,0.323596990794
0.971296238527,197,192,1.87658908123,0.234998504908
0.159612860975,1,190,1.02214842934,0.59656678007
0.479929981276,1,371,2.40681181237,0.348904877412
0.920425269747,1,392,2.85813476691,0.335227874474
0.370445249251,200,190,0.194512243732,0.58893490325
0.239507106132,200,323,2.82029085448,0.992390017984
0.840807047254,200,35,2.57986527121,0.391334113111
0.89605071841,203,393,1.24729369408,0.611384185552
0.620118367998,203,414,0.743802495048,0.432222060762
0.585224441371,203,431,2.12495270425,0.515253183395
0.425595339262,205,66,1.795874,0.525886389958
0.0999627440303,206,79,1.67550412012,0.45710465298
0.597504515517,209,219,2.0110125439,0.422913066369
0.91706214467,209,69,2.30197508234,0.316416778495
0.89952382952,216,8,2.74101573111,0.331855095409
0.980367979262,219,117,1.9572594771,0.261319339867
0.613767944611,219,190,2.96986750836,0.405374598562
0.686418839461,219,209,1.80946402586,0.482321813071
0.809402444686,220,196,2.13180625045,0.169926661317
0.849877390665,220,359,1.89302705329,0.340474560187
0.277473156458,222,148,2.1967466474,0.505241449324
0.54556131772,222,465,2.82257632358,0.606231198484
0.771546643817,223,249,0.926092694686,0.306540405404
0.946982028989,223,85,1.22332901429,0.303873609066
0.805884562716,225,143,1.73711076926,0.284242512475
0.843104868031,225,46,1.32254578747,0.339034275247
0.594790241299,225,76,1.84883663607,0.430807283663
0.995743596116,226,148,2.44885282596,0.522391123026
0.484995150619,226,312,1.51325337849,0.505136500993
0.320609944931,227,189,1.02586108981,0.328642390967
0.810307320646,227,329,1.77047650657,0.576609460608
0.520109081904,231,101,3.31136410356,0.21055872503
0.747052778023,231,306,2.50526403085,0.264930315932
0.168353693846,231,37,2.94627721095,0.336417797456
0.0728485308065,231,5,1.82430519181,0.463085478905
0.487079023647,233,1158,2.07965791251,0.293191396809
0.228459354128,233,1222,1.6999191361,0.281513331797
0.688156715364,233,324,2.27422413752,0.392035105222
0.378655326864,235,172,2.3431257275,0.373443154206
0.790165852167,235,340,2.82451589739,0.226514103015
0.505881004067,235,406,3.00303635539,0.308091682867
0.97277973534,238,123,1.67036955758,0.376631977203
0.724937730926,240,115,1.4288269167,0.760275353886
0.850483415213,240,329,1.65964584159,0.41434350879
0.876012435516,240,95,0.934011936534,0.573413984368
0.877505237931,243,1358,2.79800477554,0.14078676826
0.44791397475,243,341,2.39380120032,0.420488143177
0.99757722302,243,8,2.20052451531,0.362979952313
0.389699243684,249,105,2.25155085315,0.368302838221
0.592822448911,249,223,1.07486001463,0.333121373387
0.925010687627,249,444,1.33511238476,0.37006517885
0.9519683451,250,99,2.57452771895,0.305555309859
0.291207469875,251,148,1.94392128562,0.441494441587
0.599746541923,257,123,2.19077323469,0.402299510195
0.919116788929,257,197,2.8098529476,0.211875456617
0.690549664854,258,186,2.48784349781,0.372276044742
0.829372498641,258,216,2.31725452801,0.272254206282
0.650673473586,25,1137,2.71209741377,0.377159212755
0.968192322564,25,37,2.2680992556,0.447538960694
0.903590749262,25,463,2.37942412501,0.305697771343
0.513987025958,25,5,2.9981274383,0.341654950036
0.936786671825,263,1115,2.39250369274,0.513463292517
0.474278323935,263,140,2.16966280427,0.657290024469
0.980659151327,263,179,1.74170589213,0.304113978251
0.765482049412,263,393,2.25166321489,0.483031250324
0.945147873202,268,128,2.7636484402,0.36264568049
0.87467035392,268,451,1.82155006598,0.5900777925
0.556221065422,26,336,1.98032053559,0.640782538645
0.0664988505055,26,5,1.76277025823,0.701771001249
0.796449302504,270,392,0.831873363156,0.492473861104
0.468471782988,270,433,1.88337598094,0.657442705923
0.683416521542,271,1072,2.30040412091,0.506409081045
0.791786798087,271,336,0.953171066374,0.381274188066
0.846533266521,27,107,3.106481502,0.23741669573
0.887072245735,27,312,1.77693438893,0.289461784372
0.5050675547,27,423,1.90369104538,0.379851242815
0.774402514306,288,448,1.41991812141,0.594251313189
0.381845547361,288,46,1.3355127796,0.642634048992
0.899710134956,288,461,1.37830851611,0.405885731486
0.860499383228,296,50,2.68023015357,0.339172820675
0.879449139009,306,231,2.49904106193,0.299190729132
0.781406318024,307,101,2.36510187589,0.461534297532
0.314925482513,307,12,1.83349840083,0.342174760251
0.999082318374,307,121,1.96255815238,0.389991124617
0.592369535481,311,171,1.51168056796,0.560441375917
0.182392186954,311,444,0.858348849474,0.345932397966
0.730808662131,311,89,2.09870451382,0.618667708238
0.55826057868,312,226,1.42695453171,0.407397822951
0.263873231461,312,27,1.85408879903,0.393262929789
0.963751429941,312,465,2.17973260839,0.332266744982
0.906755749254,321,180,1.74100799747,0.379797661651
0.981174194466,322,114,1.75928981171,0.313884926289
0.945030339919,322,362,1.52494669619,0.323843027573
0.996977730403,322,87,2.42799675134,0.32607841231
0.2883835084,323,195,2.65872358981,0.572834863856
0.97440525507,323,371,2.16112800287,0.210914460765
0.795953196166,324,12,1.79273435931,0.366444422686
0.798818277472,324,1209,1.87317301517,0.300683226775
0.830133386271,324,233,2.14728185142,0.273314822329
0.356681020049,328,196,1.18131400406,0.352608655435
0.735720171477,328,62,1.81475908593,0.514371867934
0.966810587572,328,76,2.36093581593,0.455652195818
0.859479701382,329,149,1.68774381737,0.523709093198
0.534012884191,329,227,1.79586081603,0.487598790914
0.649891167414,329,240,1.65673608794,0.462128602588
0.995175078725,333,117,1.54753641132,0.767112536945
0.40313455767,334,417,2.10749771783,0.513334857486
0.996084925981,334,63,1.40379749513,0.427302063214
0.117071300478,336,26,1.90007718806,0.498005242677
0.44923479264,336,271,1.00650330572,0.520453497255
0.38162940354,336,5,1.62460719058,0.398225207202
0.0737740381787,340,235,2.90591351218,0.259778620469
0.993961261486,340,398,2.83847676568,0.218644009637
0.631840959634,341,1366,1.96655668848,0.375778336201
0.997657808464,341,243,2.53359591329,0.483618223169
0.8288459399,348,160,2.46647640644,0.39026654912
0.871204570664,348,40,1.90852986665,0.339592596864
0.919156407345,348,423,1.90774947586,0.299512854983
0.97919923259,34,171,2.01824492641,0.387153265342
0.799680201187,34,91,1.64430363338,0.234200008188
0.940149936552,353,163,2.72753026205,0.24518135728
0.994816767484,355,347,2.25953083962,0.420401599592
0.962270345283,355,8,2.75332276225,0.477753856969
0.984330902492,359,149,1.41623783147,0.345651181205
0.261924937552,359,220,1.88539672153,0.370403255198
0.355342796134,359,400,1.89195915837,0.389403962964
0.834395739259,359,461,2.41275831886,0.173501822861
0.81115843253,35,200,2.29009096157,0.209929419495
0.809834495267,362,435,2.59280963502,0.447369194943
0.386627379062,367,355,2.47410131645,0.507247979945
0.52649260817,371,1,2.37280764912,0.284210546558
0.75582317393,371,1158,1.71460132007,0.286423132634
0.847528714496,371,323,2.15909874011,0.245086223568
0.655739719534,371,414,2.4525496204,0.286397972994
0.997059944231,372,433,2.38468465646,0.122829485975
0.999720886908,376,186,2.65831485355,0.251477042069
0.979965216349,376,75,2.46573499422,0.204914275924
0.877497132305,37,231,3.05673674087,0.36975901745
0.465987618562,37,25,2.16554807419,0.456127906298
0.430650901889,37,406,2.56924241529,0.448846173255
0.99991690887,388,400,1.54227995804,0.270545801063
0.202295709238,392,1,3.38847433247,0.744874248703
0.1578498587,392,270,0.526363140376,0.477072164721
0.226870623414,392,431,2.39668457105,0.618996551544
0.947468406479,393,203,1.07602646955,0.466649508218
0.905314469852,393,263,2.20838122383,0.455945904454
0.569740404673,393,414,0.916963200195,0.594928723517
0.877235540302,398,158,2.82565764935,0.297625797523
0.477333807326,398,340,2.86925730829,0.275750163925
0.9308955628,39,120,1.93236819325,0.466741178703
0.887238961617,39,143,1.63614677919,0.332976709102
0.989480049413,39,76,1.8899794784,0.351186237186
0.967145881087,39,85,1.44741409435,0.344221836406
0.652884365437,400,359,1.95592350185,0.504511949993
0.809837971673,400,388,1.98782017965,0.719462834021
0.78774063611,400,40,1.16507406955,0.267244391886
0.527682497662,406,235,3.11821562585,0.376845736028
0.591084167507,406,37,2.52039929278,0.232550034519
0.701827509262,406,463,2.27890354683,0.429206765415
0.851270367773,40,189,2.03615233727,0.360839119469
0.826318031877,40,348,1.96709712428,0.358350061697
0.918055593946,40,400,1.16703145671,0.402954404978
0.470041222629,413,97,3.02242364012,0.191157057012
0.798807882323,414,203,0.957565497128,0.413287764671
0.00799270609197,414,371,2.77263580868,0.771819048171
0.296024213565,414,393,0.865702087572,0.48671932682
0.352087202167,414,929,1.79904696549,0.483720738609
0.959585550373,417,50,2.89354894619,0.283195839146
0.557682070619,423,27,1.80151480691,0.302818735775
0.972966636267,423,348,2.12124496879,0.411474728752
0.847629605588,423,87,2.47111745247,0.281827864837
0.626889552505,431,140,2.07255909831,0.642461689873
0.40765314398,431,203,2.06309117488,0.534338109064
0.336083937773,431,392,2.14993728697,0.459109703123
0.222906453502,433,270,2.14739459088,0.71157252371
0.937808036599,435,87,1.29451469939,0.394632351756
0.522241556677,438,186,2.3328113614,0.177557355027
0.41254480279,442,312,1.82690808806,0.326235178058
0.660385146716,444,249,1.25095356787,0.369637714349
0.925738043618,444,311,0.752240846403,0.33043685936
0.640098598116,444,456,1.956164211,0.378151428117
0.849110364791,448,115,1.29722557752,0.54434698244
0.0768422754704,448,288,1.36060138166,0.583349480007
0.920080220599,448,95,1.27757721291,0.502844503702
0.985004726367,451,1303,2.44166720567,0.417446998875
0.690349932383,451,1402,1.83802859596,0.273428739133
0.241464688251,451,268,1.53690719927,0.463630178365
0.776761617163,451,99,2.51130493323,0.400284723432
0.510469463451,456,444,2.00535853584,0.543961394902
0.254231324225,456,85,1.18671542689,0.360878188839
0.851932216193,461,288,1.40395000261,0.44435254939
0.926242795642,461,359,2.35480742914,0.324929853346
0.633132224874,461,76,1.40512362415,0.349276762094
0.271993562949,463,128,2.45255088209,0.589164515886
0.297329247711,463,1303,2.84007976129,0.37936737285
0.87060531191,463,25,2.51196837782,0.283325002885
0.305354617746,463,406,2.39624287579,0.494829624665
0.846729353833,465,131,2.70626951841,0.305172677551
0.909972119631,465,222,2.67459894085,0.530432697373
0.830046637602,465,312,2.26081024629,0.433933952104
0.376134608205,46,107,2.08590202429,0.571323953802
0.901234801557,46,225,1.15633562321,0.327729396567
0.50426868121,46,288,1.39200110533,0.683355512379
0.839763882262,46,95,1.3812650022,0.666323687269
0.324057610412,49,158,2.09360084897,0.21709586591
0.62095188254,50,163,1.93168356278,0.470784968566
0.0042201940588,5,231,1.7701903565,0.442696292982
0.400739924468,5,25,3.05595384128,0.459692294984
0.0513132052543,5,26,1.5668162832,0.569299018924
0.696961641284,5,336,1.63064580932,0.401230283918
0.996435277036,62,120,1.72237088224,0.362928169388
0.324050587929,62,328,1.83599336513,0.53910275305
0.200895638437,62,79,2.67540652858,0.538449851362
0.921772985657,63,334,1.37490441561,0.429332164322
0.149089363481,66,157,2.93585820247,0.522546229956
0.968108907862,66,177,1.4027256682,0.25309980475
0.324589069716,69,114,1.83333085281,0.353380167108
0.925185547798,69,209,2.6937802577,0.269152383796
0.925089761673,75,158,2.99066265571,0.316262819473
0.941300937735,75,376,2.28241903903,0.374861517376
0.384609551108,76,225,1.76234989871,0.355725977156
0.434868163864,76,39,2.04392781894,0.437125077566
0.936445663242,76,461,1.38269253582,0.379348910852
0.70124516798,772,1028,1.39611098845,0.447447596771
0.817716943348,772,1203,1.21222295953,0.361926573369
0.87563873339,772,819,1.65667771086,0.55077351667
0.503710542644,774,895,1.74200298954,0.418973690806
0.942933224853,774,970,1.99571852286,0.398156451145
0.289408949505,774,986,2.38378428556,0.509926943712
0.301337400864,777,1185,2.14207291663,0.370099693587
0.511454589504,777,903,1.89692616621,0.492958577741
0.234558204867,777,988,2.02575356782,0.429634000634
0.709531860044,778,1044,1.87344850658,0.457387482928
0.95888221462,778,833,2.56991211121,0.276675598642
0.639106735892,778,963,2.4523675771,0.494084618274
0.839914044327,790,819,1.09953901935,0.478337610206
0.878577579399,790,860,1.03778291535,0.499122369092
0.521115583823,791,1107,1.72192286758,0.620796311036
0.708952860665,791,834,1.96913097983,0.460827337832
0.443934106155,791,852,1.9013275499,0.557267192589
0.712384277004,791,936,1.7038731697,0.449889231031
0.42573739086,792,1013,2.16180923896,0.447706588898
0.91509309951,792,1162,2.10850241926,0.47869848765
0.9999330648,792,1186,2.31243000393,0.391195617769
0.352721656679,792,814,1.94260581139,0.455824006022
0.911701726016,796,1032,2.07166002514,0.47807358597
0.541072321961,796,1082,1.14577549351,0.472296132419
0.529533509395,796,937,1.15078558746,0.587082116888
0.237571997851,796,988,-0.0590751218302,0.573181076711
0.505969902751,799,1207,0.810430641693,0.494271128582
0.236779193435,799,1215,1.46336149353,0.453018339752
0.938323207817,799,844,1.7580321502,0.318879508515
0.935157163075,799,921,1.0798616598,0.35412912598
0.433932377964,79,171,1.58829354718,0.483267416294
0.58040975052,79,206,1.85415402498,0.486465840525
0.444941091897,79,62,2.51661580764,0.475317752843
0.974923961266,804,1122,2.65222181167,0.334415619514
0.86261795214,804,888,2.12245617687,0.357883667895
0.049171988062,804,982,0.977611658131,0.515414862104
0.909555641799,806,1020,1.05897145914,0.429740359047
0.762046276606,806,1207,1.23156303002,0.464561457885
0.473808062192,806,921,0.917934314853,0.394754769553
0.817153182739,806,959,1.41692321461,0.484948964234
0.804606427971,809,1114,2.25842719593,0.219844598482
0.0867642680306,809,900,3.04609599088,0.895847167856
0.328964281547,813,921,1.25542389737,0.395493771105
0.189625218908,813,955,0.223992226182,0.536253180809
0.944050310274,814,1007,2.03392814178,0.340482353003
0.864147536233,814,792,1.97942201245,0.479282693424
0.565262584471,814,991,2.36040997054,0.419422762365
0.846013042515,814,994,2.16300053781,0.364060807021
0.570183767257,817,873,1.5341736461,0.503208315115
0.875340523702,817,909,1.61342636092,0.405636167227
0.386196366055,818,1203,1.74548936076,0.571620549439
0.815200485496,818,1207,1.51570505462,0.417170331137
0.823011004861,818,1215,0.832677063656,0.366449409332
0.227535762109,819,1233,1.66157227095,0.460886055885
0.317127704225,819,772,1.54250847227,0.526421371008
0.987329728591,819,790,1.29663626584,0.452893596132
0.853183600694,820,1233,1.57487058509,0.385400652154
0.198135074326,820,887,2.97209083904,0.40702308173
0.796200344479,820,970,1.57643572382,0.45404861999
0.976361931882,821,1141,1.68550401771,0.517020095422
0.999992494682,822,1182,1.74837552232,0.316804758466
0.956078575423,827,1010,1.37079326962,0.304905038898
0.31798962597,827,909,1.97498923425,0.478514552203
0.589496616274,830,942,2.08384249396,0.349820483243
0.216576551349,833,1128,1.77757112724,0.477745259807
0.999832008605,833,778,2.53895286471,0.328129978184
0.34469085661,833,852,1.95222305909,0.390712127229
0.504115086631,833,974,2.24276441609,0.30819793586
0.481285935879,834,1068,0.814644507969,0.369148153077
0.835711000365,834,791,1.82933808118,0.391173389921
0.72034675668,838,1032,1.58085465683,0.564738927716
0.937756382162,838,1082,2.02516037967,0.452227227341
0.940343609412,838,1154,1.94886343531,0.330480435177
0.767706189099,838,936,2.47497087901,0.30813362998
0.0148142800156,842,1027,0.825900980051,0.587267063779
0.261612330227,842,1115,2.31436120348,0.4687912095
0.261386356152,842,929,1.10530648746,0.54810950786
0.948239150486,843,999,1.98038019913,0.465833672574
0.443016070354,844,1045,1.20734154333,0.440775160316
0.997533388794,844,799,1.61270071648,0.446976231757
0.387227463388,844,955,0.908865690841,0.395275235794
0.806114808016,847,1160,1.7406893539,0.371983703679
0.984314655133,852,1107,1.87341603566,0.35434065779
0.877264128454,852,791,1.79620555896,0.509988881295
0.842372228655,852,833,2.10411405104,0.3772756942
0.245822757944,852,883,2.04666152382,0.508802759188
0.768302253173,85,223,1.10552326725,0.311308512262
0.96095814687,85,39,1.39818577811,0.390179996506
0.729846455592,85,456,1.31115536934,0.342340994903
0.930677904799,860,1030,1.40763566809,0.279336956447
0.434131900673,860,1069,1.59286264068,0.404658518002
0.625020320973,860,790,0.894997070986,0.472792849766
0.852714375245,867,1191,1.84057917409,0.372436657996
0.937641686466,867,874,2.2904198361,0.34725824728
0.927464600647,867,920,1.96147231543,0.367092212514
0.653287018841,869,1046,1.15853235365,0.421188543717
0.249946327446,869,986,1.79501358802,0.346926754108
0.806984026404,871,1137,2.20069946654,0.496019461563
0.91863750095,871,1284,2.70162083748,0.392858554899
0.812430829172,871,1382,2.68259192768,0.381293425561
0.629562418337,873,1154,2.32353910665,0.249660390762
0.656137745583,873,817,1.48381320971,0.592221989913
0.332933717287,873,936,0.965981655727,0.524880350785
0.835923976663,874,867,2.10333436372,0.351774979847
0.422761069475,874,991,1.63476630654,0.39901838934
0.97629119795,87,322,2.56475120659,0.255472836669
0.997552460825,87,423,2.63700266676,0.379379013864
0.91727878527,883,1068,1.02844810507,0.451011800312
0.17756198008,883,852,1.89459088758,0.526636731305
0.258577755719,886,1222,2.40204874523,0.461599827999
0.240983179141,886,1233,1.43444038935,0.472598071833
0.186884334793,887,1027,2.78207189206,0.382338050177
0.0340468061099,887,1189,1.50493109918,0.5587180852
0.292841915163,887,820,3.01285226154,0.485052941794
0.113990252051,887,989,2.49044694622,0.460778278941
0.973478213608,888,1213,2.01782587916,0.376984835579
0.68213781404,888,804,1.95091544265,0.320620305078
0.86489504985,888,923,1.87279639486,0.461361234849
0.517053664536,895,1016,1.97315610906,0.424072263602
0.634527233444,895,1229,1.67436851034,0.465132723783
0.681479674904,895,774,1.72160369925,0.50251619412
0.878824853589,895,973,2.14506064134,0.341220709744
0.985205162322,89,120,1.73185235497,0.508867342654
0.929944489786,89,311,2.227640183,0.536017953494
0.718070505481,8,216,2.68330307744,0.348733821901
0.886576642349,8,243,2.37923281062,0.52342477512
0.94663589841,900,1082,2.06542824753,0.424315745369
0.181252300721,900,1101,2.75439391066,0.383842140837
0.834309357256,900,809,2.34400184959,0.220316298762
0.780877589097,900,967,1.54392484283,0.596085528096
0.827038149467,901,1157,1.87788556889,0.412735366065
0.313444911675,901,1232,2.38942669624,0.595608001636
0.640260064021,901,937,2.75643705271,0.479241168898
0.761441848115,903,1032,2.20463717619,0.337493187699
0.589317379619,903,1128,1.67452038345,0.359341465489
0.702636548204,903,777,1.87466072033,0.356849358724
0.202283243429,906,1113,2.01373955204,0.310459032899
0.814973220189,909,1139,1.95973945299,0.222734814017
0.770042318166,909,817,1.81265053891,0.498465860956
0.946508713886,909,827,1.84610589863,0.31402622185
0.600321124626,915,1170,2.07641992913,0.409632094818
0.184751150703,915,121,1.74513755649,0.525523852187
0.999208324859,918,1141,2.31914364552,0.27156086725
0.818438513795,91,157,1.92156263391,0.320162023235
0.473526084234,91,34,1.73286343825,0.214971798198
0.881289635425,920,867,1.94244612629,0.406780663504
0.712383293584,920,973,1.87656985937,0.400874731778
0.965801038846,921,799,1.12786041015,0.527821704542
0.89541179616,921,806,0.747505664073,0.428195728325
0.710648187966,921,813,1.36254707618,0.42217892074
0.45060738307,921,927,1.32365544026,0.338780555531
0.0341502245738,923,101,2.67764984387,0.441140063826
0.228911039138,923,1066,2.04384019714,0.446284361298
0.438563899717,923,888,1.75021644311,0.430603533019
0.265943545358,927,1135,1.54610553267,0.444445348194
0.991966154291,927,921,1.39321258692,0.410625107336
0.624107499961,927,959,0.735473036148,0.36430491052
0.646578839435,929,414,1.90182177922,0.4183865789
0.0714514505759,929,842,1.05820272442,0.573806424535
0.388147064621,936,791,1.66411823962,0.46296048299
0.867220548764,936,838,2.37474919001,0.237439829116
0.499168692806,936,873,0.90548278795,0.482202936011
0.956209291174,937,1061,2.71754374121,0.282996297958
0.762987993034,937,796,1.12869731635,0.548768794713
0.977539396904,937,901,2.58711553721,0.458945636761
0.116816081983,937,988,0.745759031967,0.635316724186
0.399829118243,942,1056,1.7638389704,0.782728131496
0.712728417893,955,1135,1.32652520818,0.382159296567
0.548178463185,955,813,0.133218883042,0.424964112273
0.570225389641,955,844,0.991450182412,0.514851854859
0.309695958358,959,1170,1.01898505078,0.434969540786
0.599037917735,959,1213,1.30621783907,0.529942198816
0.99217632189,959,806,1.55500408654,0.414036971278
0.870957137692,959,927,0.716053766712,0.390269389895
0.546910890503,95,240,1.06923155677,0.581839570793
0.946728621424,95,448,1.48918157355,0.533865325046
0.369749091695,95,46,1.10531136625,0.529802646326
0.940640125489,960,821,1.38630465065,0.233419620067
0.433959056466,963,778,2.30593150745,0.434445234056
0.726476098762,963,994,2.4286616297,0.498388520796
0.289412954911,967,1127,1.40339654766,0.540286113439
0.0340929784237,967,1154,2.42038496091,0.54948382839
0.357276995334,967,900,1.40563283186,0.458996691024
0.889521844012,970,1069,1.70330791862,0.37639438491
0.331028568924,970,774,2.04076388582,0.460152932168
0.839440142354,970,820,1.66706285181,0.421436147746
0.257253091234,973,1191,2.10644691693,0.47802326549
0.894029860415,973,895,2.12715770369,0.349609204819
0.579632590516,973,920,2.10995540625,0.257038972535
0.878648995416,974,1062,1.30182377074,0.394026607145
0.804319600953,974,833,2.15839243015,0.351894515093
0.863351751756,974,991,2.63448573695,0.324057433659
0.997059944231,97,372,0.168011630963,0.122829485975
0.374848463856,982,1009,2.47543521352,0.251452143383
0.550483225317,982,1135,2.30986069444,0.370064044524
0.792406514892,982,804,1.14133608904,0.468256564394
0.803686576253,986,1218,1.98092756113,0.378691334916
0.890994112892,986,774,2.13935614925,0.344633265835
0.298405486099,986,869,1.63144238992,0.456229419779
0.560820314708,987,1036,2.6973748379,0.447371401847
0.0771827091886,987,1073,2.42459150412,0.512030414597
0.0942033204106,987,1189,2.25350443464,0.394356535324
0.44091015997,987,1229,2.78176195417,0.44966300475
0.0547703745644,988,1127,1.17084194458,0.59298705185
0.327646233683,988,777,2.16224467438,0.51642751209
0.827796140958,988,796,0.000900153755677,0.507264351404
0.218331389347,988,937,0.722038507653,0.626179585925
0.705424545382,989,1036,2.98076944266,0.412936041935
0.964067440084,989,1115,3.26063446077,0.537251431908
0.334666852095,989,1230,1.82730083873,0.340689431656
0.393605278912,989,887,2.7794458212,0.708694852211
0.973511200742,991,814,2.42109877031,0.423613318921
0.889623279781,991,874,1.49466718685,0.36842683907
0.636815469187,991,974,2.57059037821,0.385193486647
0.693192495661,993,843,2.03210060764,0.629524510825
0.997967698147,994,1162,2.32276953539,0.53938124829
0.743200297645,994,814,2.11394684628,0.545907595456
0.564598830936,994,963,2.24942326203,0.434710250022
0.632785764645,997,1177,2.8893075378,1.0938792634
0.979898712993,99,1345,2.09480421064,0.367482539441
0.973035949594,99,172,2.92388386602,0.333933064259
0.992402154222,99,250,2.47784808289,0.339094189123
0.579293504948,99,451,2.47757259665,0.394370926863
